{
  "timestamp": "2026-03-01T22:03:59.595035",
  "iterations": 10000,
  "tests": {
    "字符串操作": {
      "concatenation": {
        "mean": 6.156699913844932e-07,
        "median": 6.00004568696022e-07,
        "min": 2.9999500839039683e-07,
        "max": 5.959999543847516e-05,
        "std_dev": 9.124717318373337e-07,
        "iterations": 10000
      },
      "formatting": {
        "mean": 4.3751002522185444e-07,
        "median": 4.00003045797348e-07,
        "min": 3.9999576983973384e-07,
        "max": 1.1399999493733048e-05,
        "std_dev": 1.7423270330565483e-07,
        "iterations": 10000
      },
      "methods": {
        "mean": 6.597100094950292e-07,
        "median": 6.00004568696022e-07,
        "min": 5.999972927384079e-07,
        "max": 1.1500000255182385e-05,
        "std_dev": 2.3601540947848818e-07,
        "iterations": 10000
      }
    },
    "集合操作": {
      "list_creation": {
        "mean": 5.184979974728776e-06,
        "median": 5.000001692678779e-06,
        "min": 4.199995601084083e-06,
        "max": 2.220000169472769e-05,
        "std_dev": 9.582245324696095e-07,
        "iterations": 10000
      },
      "list_filtering": {
        "mean": 0.00011169802998265368,
        "median": 0.00011059999815188348,
        "min": 9.99000039882958e-05,
        "max": 0.00017690000095171854,
        "std_dev": 5.879310348970495e-06,
        "iterations": 10000
      },
      "list_sorting": {
        "mean": 3.7822279953979884e-05,
        "median": 3.719999949680641e-05,
        "min": 3.659999492811039e-05,
        "max": 7.539999933214858e-05,
        "std_dev": 3.2123255188360276e-06,
        "iterations": 10000
      },
      "dict_creation": {
        "mean": 3.635908997748629e-05,
        "median": 3.5899996873922646e-05,
        "min": 3.3299998904112726e-05,
        "max": 0.00010370000381954014,
        "std_dev": 3.244798973661946e-06,
        "iterations": 10000
      },
      "dict_lookup": {
        "mean": 0.00034624917996188743,
        "median": 0.00034420000156387687,
        "min": 0.0003358000030857511,
        "max": 0.0008640999949420802,
        "std_dev": 1.9535221184921553e-05,
        "iterations": 10000
      }
    },
    "验证器性能": {
      "email_validation": {
        "mean": 7.366700963757467e-07,
        "median": 6.999980541877449e-07,
        "min": 5.999972927384079e-07,
        "max": 2.1100000594742596e-05,
        "std_dev": 2.847602765759051e-07,
        "iterations": 10000
      },
      "username_validation": {
        "mean": 8.273400031612255e-07,
        "median": 7.999988156370819e-07,
        "min": 6.999980541877449e-07,
        "max": 1.049999991664663e-05,
        "std_dev": 2.1241244477781533e-07,
        "iterations": 10000
      },
      "password_validation": {
        "mean": 3.0317800083139445e-06,
        "median": 3.0000010156072676e-06,
        "min": 2.8999929782003164e-06,
        "max": 1.2399999832268804e-05,
        "std_dev": 1.5472693092375011e-07,
        "iterations": 10000
      }
    },
    "HTTP客户端模拟": {
      "http_get": {
        "mean": 1.3443699783238117e-06,
        "median": 1.4999968698248267e-06,
        "min": 6.999980541877449e-07,
        "max": 3.319999814266339e-05,
        "std_dev": 8.715263796990044e-07,
        "iterations": 10000
      },
      "http_post": {
        "mean": 7.044000129099004e-07,
        "median": 6.999980541877449e-07,
        "min": 5.999972927384079e-07,
        "max": 1.4299999747890979e-05,
        "std_dev": 2.8138327629217133e-07,
        "iterations": 10000
      },
      "response_processing": {
        "mean": 1.0355899736168795e-06,
        "median": 1.0000003385357559e-06,
        "min": 8.999995770864189e-07,
        "max": 7.499998901039362e-06,
        "std_dev": 9.867784772268877e-08,
        "iterations": 10000
      }
    },
    "内存使用": {
      "string_size": 1141,
      "list_size": 8056,
      "dict_size": 3328
    }
  },
  "performance_rating": "卓越"
}